<?xml version="1.0"?>
<doc>
    <assembly>
        <name>DYNAMO_TORO</name>
    </assembly>
    <members>
        <member name="T:Dynamo_TORO.VT_Robotics">
            <summary>
            testing
            </summary>
        </member>
        <member name="M:Dynamo_TORO.VT_Robotics.sortPointsByZ_2(System.Collections.Generic.List{Autodesk.DesignScript.Geometry.Point})">
            <summary>
            Sort points by Z value with indices; version 2.
            </summary>
            <param name="points">Point list</param>
            <returns></returns>
        </member>
        <member name="M:Dynamo_TORO.VT_Robotics.sortPlanesByZ_2(System.Collections.Generic.List{Autodesk.DesignScript.Geometry.Plane})">
            <summary>
            Sort planes by Z value with indices; version 2.
            </summary>
            <param name="planes">Plane list</param>
            <returns></returns>
        </member>
        <member name="M:Dynamo_TORO.VT_Robotics.createDrillRoutine(System.String,System.String,System.Collections.Generic.List{System.Collections.Generic.List{Autodesk.DesignScript.Geometry.Plane}},Autodesk.DesignScript.Geometry.Plane,System.Double)">
            <summary>
            Create a drilling routine for an ABB robot.
            </summary>
            <param name="directory">Directory to create files (ex: "C:\Users\You\Desktop")</param>
            <param name="filePrefix">Prefix convention for filename (ex: "Group_Title" would be followed later by file number "001")</param>
            <param name="faceFrames">List of planes to drill for each cube (position and orientation)</param>
            <param name="drillFrame">Location of drill bit frame</param>
            <param name="mountOffset">IMPORTANT!!! Distance from mounting flange to block centroid</param>
            <returns></returns>
        </member>
        <member name="T:Dynamo_TORO.DataTypes">
            <summary>
            Create datatype.
            </summary>
        </member>
        <member name="M:Dynamo_TORO.DataTypes.RobTargetAtVals(System.Double,System.Double,System.Double,System.Double,System.Double,System.Double,System.Double)">
            <summary>
            Create robot target from coordinate and quaternion values.
            </summary>
            <param name="ptX">Coordinate</param>
            <param name="ptY">Coordinate</param>
            <param name="ptZ">Coordinate</param>
            <param name="q1">Quaternion</param>
            <param name="q2">Quaternion</param>
            <param name="q3">Quaternion</param>
            <param name="q4">Quaternion</param>
            <returns></returns>
        </member>
        <member name="M:Dynamo_TORO.DataTypes.RobTargetAtPoint(Autodesk.DesignScript.Geometry.Point,System.Double,System.Double,System.Double,System.Double)">
            <summary>
            Create robot target from point and quaternion values.
            </summary>
            <param name="point">Point</param>
            <param name="q1">Quaternion</param>
            <param name="q2">Quaternion</param>
            <param name="q3">Quaternion</param>
            <param name="q4">Quaternion</param>
            <returns></returns>
        </member>
        <member name="M:Dynamo_TORO.DataTypes.RobTargetAtPlane(Autodesk.DesignScript.Geometry.Plane)">
            <summary>
            Create robot target from plane.
            </summary>
            <param name="plane">Plane</param>
            <returns></returns>
        </member>
        <member name="M:Dynamo_TORO.DataTypes.JointTargetAtVals(System.Double,System.Double,System.Double,System.Double,System.Double,System.Double)">
            <summary>
            Create joint target from rotational values per axis.
            </summary>
            <param name="j1">Degrees</param>
            <param name="j2">Degrees</param>
            <param name="j3">Degrees</param>
            <param name="j4">Degrees</param>
            <param name="j5">Degrees</param>
            <param name="j6">Degrees</param>
            <returns></returns>
        </member>
        <member name="M:Dynamo_TORO.DataTypes.Speeddata(System.String,System.Double,System.Double,System.Double,System.Double)">
            <summary>
            Define speeddata.
            </summary>
            <param name="varName">Name of speeddata variable</param>
            <param name="v_tcp">Speed at tool center point in mm/s</param>
            <param name="v_ori">Reorientation speed of the TCP in deg</param>
            <param name="v_leax">Linear speed of external axes in mm/s</param>
            <param name="v_reax">Rotational speed of external axes in deg</param>
            <returns></returns>
        </member>
        <member name="M:Dynamo_TORO.DataTypes.Zonedata(System.String,System.Boolean,System.Double,System.Double,System.Double,System.Double,System.Double,System.Double)">
            <summary>
            Define zonedata.
            </summary>
            <param name="varName">Name of zonedata variable</param>
            <param name="pfine">T: stop-point | F: fly-by-point</param>
            <param name="pzone_tcp">Radius for TCP</param>
            <param name="pzone_ori">Radius for reorientation</param>
            <param name="pzone_eax">Radius for external axes</param>
            <param name="zone_ori">Radius for tool reorientation in deg</param>
            <param name="zone_leax">Radius for linear external axes in mm</param>
            <param name="zone_reax">Radius for rotating external axes in deg</param>
            <returns></returns>
        </member>
        <member name="M:Dynamo_TORO.DataTypes.Loaddata(System.String,System.Double,System.Double,System.Double,System.Double,System.Double,System.Double,System.Double,System.Double,System.Double,System.Double,System.Double)">
            <summary>
            Define loaddata.
            </summary>
            <param name="varName">Name of loaddata variable</param>
            <param name="load">Load in kg</param>
            <param name="cog_x">Center of gravity coordinate</param>
            <param name="cog_y">Center of gravity coordinate</param>
            <param name="cog_z">Center of gravity coordinate</param>
            <param name="aom_q1">Axes of moment quaternion</param>
            <param name="aom_q2">Axes of moment quaternion</param>
            <param name="aom_q3">Axes of moment quaternion</param>
            <param name="aom_q4">Axes of moment quaternion</param>
            <param name="ix">Inertia in kgm^2</param>
            <param name="iy">Inertia in kgm^2</param>
            <param name="iz">Inertia in kgm^2</param>
            <returns></returns>
        </member>
        <member name="M:Dynamo_TORO.DataTypes.Confdata(System.String,System.Double,System.Double,System.Double,System.Double)">
            <summary>
            Define confdata.
            </summary>
            <param name="varName">Name of confdata variable</param>
            <param name="cf1">Current quadrant or meter interval of axis 1</param>
            <param name="cf4">Current quadrant or meter interval of axis 4</param>
            <param name="cf6">Current quadrant or meter interval of axis 6</param>
            <param name="cfx">Current quadrant or meter interval of axis 2 | X</param>
            <returns></returns>
        </member>
        <member name="M:Dynamo_TORO.DataTypes.WZBoxAtVals(System.String,System.String,System.Double,System.Double,System.Double,System.Double,System.Double,System.Double)">
            <summary>
            Define shapedata and create work-zone instruction for box.
            </summary>
            <param name="varName">Name of shapedata variable</param>
            <param name="Inside_Outside">Define as volume "Inside" | "Outside"</param>
            <param name="lo_x">Low point coordinate</param>
            <param name="lo_y">Low point coordinate</param>
            <param name="lo_z">Low point coordinate</param>
            <param name="hi_x">High point coordinate</param>
            <param name="hi_y">High point coordinate</param>
            <param name="hi_z">High point coordinate</param>
            <returns></returns>
        </member>
        <member name="M:Dynamo_TORO.DataTypes.WZBoxAtGeometry(System.String,System.String,Autodesk.DesignScript.Geometry.Cuboid)">
            <summary>
            Define shapedata and create work-zone instruction for box.
            </summary>
            <param name="varName">Name of shapedata variable</param>
            <param name="Inside_Outside">Define as volume "Inside" | "Outside"</param>
            <param name="box">Cuboidic work-zone</param>
            <returns></returns>
        </member>
        <member name="M:Dynamo_TORO.DataTypes.WZCylAtVals(System.String,System.String,System.Double,System.Double,System.Double,System.Double,System.Double)">
            <summary>
            Define shapedata and create work-zone instruction for cylinder.
            </summary>
            <param name="varName">Name of shapedata variable</param>
            <param name="Inside_Outside">Define as volume "Inside" | "Outside"</param>
            <param name="center_x">Coordinate</param>
            <param name="center_y">Coordinate</param>
            <param name="center_z">Coordinate</param>
            <param name="radius">Radius</param>
            <param name="height">Height</param>
            <returns></returns>
        </member>
        <member name="M:Dynamo_TORO.DataTypes.WZCylAtGeometry(System.String,System.String,Autodesk.DesignScript.Geometry.Cylinder)">
            <summary>
            Define shapedata and create work-zone instruction for cylinder.
            </summary>
            <param name="varName">Name of shapedata variable</param>
            <param name="Inside_Outside">Define as volume "Inside" | "Outside"</param>
            <param name="cylinder">Cylindrical work-zone</param>
            <returns></returns>
        </member>
        <member name="M:Dynamo_TORO.DataTypes.WZSphAtVals(System.String,System.String,System.Double,System.Double,System.Double,System.Double)">
            <summary>
            Define shapedata and create work-zone instruction for sphere.
            </summary>
            <param name="varName">Name of shapedata variable</param>
            <param name="Inside_Outside">Define as volume "Inside" | "Outside"</param>
            <param name="center_x">Coordinate</param>
            <param name="center_y">Coordinate</param>
            <param name="center_z">Coordinate</param>
            <param name="radius">Radius</param>
            <returns></returns>
        </member>
        <member name="M:Dynamo_TORO.DataTypes.WZSphAtGeometry(System.String,System.String,Autodesk.DesignScript.Geometry.Sphere)">
            <summary>
            Define shapedata and create work-zone instruction for sphere.
            </summary>
            <param name="varName">Name of shapedata variable</param>
            <param name="Inside_Outside">Define as volume "Inside" | "Outside"</param>
            <param name="sphere">Spherical work-zone</param>
            <returns></returns>
        </member>
        <member name="M:Dynamo_TORO.DataTypes.WZLimJointDef(System.String,System.String,ABB.Robotics.Controllers.RapidDomain.JointTarget,ABB.Robotics.Controllers.RapidDomain.JointTarget)">
            <summary>
            Define joint-targets for joint limits.
            </summary>
            <param name="varName">Name of variables</param>
            <param name="Inside_Outside">Define as volume "Inside" | "Outside"</param>
            <param name="loJointVal">JointTarget</param>
            <param name="hiJointVal">JointTarget</param>
            <returns></returns>
        </member>
        <member name="M:Dynamo_TORO.DataTypes.ToolAtVals(System.Double,System.Double,System.Double,System.Double,System.Double,System.Double,System.Double,System.Double,System.String)">
            <summary>
            Define tooldata from coordinate, quaternion, and load values.
            </summary>
            <param name="x">Coordinate</param>
            <param name="y">Coordinate</param>
            <param name="z">Coordinate</param>
            <param name="q1">Quaternion</param>
            <param name="q2">Quaternion</param>
            <param name="q3">Quaternion</param>
            <param name="q4">Quaternion</param>
            <param name="load">Load in kg</param>
            <param name="name">Name of tooldata variable</param>
            <returns></returns>
        </member>
        <member name="M:Dynamo_TORO.DataTypes.ToolAtPoint(Autodesk.DesignScript.Geometry.Point,System.Double,System.Double,System.Double,System.Double,System.Double,System.String)">
            <summary>
            Define tooldata from point, quaternion, and load values.
            </summary>
            <param name="pt">Point</param>
            <param name="q1">Quaternion</param>
            <param name="q2">Quaternion</param>
            <param name="q3">Quaternion</param>
            <param name="q4">Quaternion</param>
            <param name="load">Load in kg</param>
            <param name="name">Name of tooldata variable</param>
            <returns></returns>
        </member>
        <member name="M:Dynamo_TORO.DataTypes.ToolAtPlane(Autodesk.DesignScript.Geometry.Plane,System.Double,System.String)">
            <summary>
            Define tooldata from plane and load value.
            </summary>
            <param name="pl">Plane</param>
            <param name="load">Load in kg</param>
            <param name="name">Name of tooldata variable</param>
            <returns></returns>
        </member>
        <member name="M:Dynamo_TORO.DataTypes.WobjAtVals(System.Double,System.Double,System.Double,System.Double,System.Double,System.Double,System.Double,System.String)">
            <summary>
            Define wobjdata from coordinate and quaternion values.
            </summary>
            <param name="x">Coordinate</param>
            <param name="y">Coordinate</param>
            <param name="z">Coordinate</param>
            <param name="q1">Quaternion</param>
            <param name="q2">Quaternion</param>
            <param name="q3">Quaternion</param>
            <param name="q4">Quaternion</param>
            <param name="name">Name of wobjdata variable</param>
            <returns></returns>
        </member>
        <member name="M:Dynamo_TORO.DataTypes.WobjAtPoint(Autodesk.DesignScript.Geometry.Point,System.Double,System.Double,System.Double,System.Double,System.String)">
            <summary>
            Define wobjdata from point and quaternion values.
            </summary>
            <param name="pt">Point</param>
            <param name="q1">Quaternion</param>
            <param name="q2">Quaternion</param>
            <param name="q3">Quaternion</param>
            <param name="q4">Quaternion</param>
            <param name="name">Name of wobjdata variable</param>
            <returns></returns>
        </member>
        <member name="M:Dynamo_TORO.DataTypes.WobjAtPlane(Autodesk.DesignScript.Geometry.Plane,System.String)">
            <summary>
            Define wobjdata from plane.
            </summary>
            <param name="pl">Plane</param>
            <param name="name">Name of wobjdata variable</param>
            <returns></returns>
        </member>
        <member name="T:Dynamo_TORO.Instructions">
            <summary>
            Create instructions.
            </summary>
        </member>
        <member name="M:Dynamo_TORO.Instructions.MoveL(System.Collections.Generic.List{ABB.Robotics.Controllers.RapidDomain.RobTarget},System.Collections.Generic.List{System.Object},System.Collections.Generic.List{System.Object},System.String,System.String,System.String)">
            <summary>
            Create a linear movement instruction.
            </summary>
            <param name="targets">Robot target</param>
            <param name="speed">Speed data (rounds to default in RobotStudio)</param>
            <param name="zone">Zone data (rounds to default in RobotStudio)</param>
            <param name="setName">Unique name for this instruction</param>
            <param name="toolName">Active tool</param>
            <param name="wobjName">Active work-object</param>
            <returns></returns>
        </member>
        <member name="M:Dynamo_TORO.Instructions.MoveJ(System.Collections.Generic.List{ABB.Robotics.Controllers.RapidDomain.RobTarget},System.Collections.Generic.List{System.Object},System.Collections.Generic.List{System.Object},System.String,System.String,System.String)">
            <summary>
            Create a joint movement instruction.
            </summary>
            <param name="targets">Robot target</param>
            <param name="speed">Speed data (rounds to default in RobotStudio)</param>
            <param name="zone">Zone data (rounds to default in RobotStudio)</param>
            <param name="setName">Unique name of this instruction</param>
            <param name="toolName">Active tool</param>
            <param name="wobjName">Active work-object</param>
            <returns></returns>
        </member>
        <member name="M:Dynamo_TORO.Instructions.MoveAbsJ(System.Collections.Generic.List{ABB.Robotics.Controllers.RapidDomain.JointTarget},System.Collections.Generic.List{System.Object},System.Collections.Generic.List{System.Object},System.String,System.String,System.String)">
            <summary>
            Create an absolute joint movement instruction.
            </summary>
            <param name="targets">Joint target</param>
            <param name="speed">Speed data (rounds to default in RobotStudio)</param>
            <param name="zone">Zone data (rounds to default in RobotStudio)</param>
            <param name="setName">Unique name for this instruction</param>
            <param name="toolName">Active tool</param>
            <param name="wobjName">Active work-object</param>
            <returns></returns>
        </member>
        <member name="M:Dynamo_TORO.Instructions.MoveC(System.Collections.Generic.List{ABB.Robotics.Controllers.RapidDomain.RobTarget},System.Collections.Generic.List{ABB.Robotics.Controllers.RapidDomain.RobTarget},System.Collections.Generic.List{System.Object},System.Collections.Generic.List{System.Object},System.String,System.String,System.String)">
            <summary>
            Create a circular movement instruction.
            </summary>
            <param name="cirTarget">Robot target (through point)</param>
            <param name="toTarget">Robot target (destination)</param>
            <param name="speed">Speed data (rounds to default in RobotStudio)</param>
            <param name="zone">Zone data (rounds to default in RobotStudio)</param>
            <param name="setName">Unique name for this instruction</param>
            <param name="toolName">Active tool</param>
            <param name="wobjName">Active work-object</param>
            <returns></returns>
        </member>
        <member name="M:Dynamo_TORO.Instructions.customInstruction(System.Collections.Generic.List{System.String})">
            <summary>
            Create custom instruction from string.
            </summary>
            <param name="instructions"></param>
            <returns></returns>
        </member>
        <member name="M:Dynamo_TORO.Instructions.insertInstAtIndex(System.Collections.Generic.List{System.String},System.Collections.Generic.List{System.String},System.Collections.Generic.List{System.Int32})">
            <summary>
            Insert instructions into list at specified index.
            </summary>
            <param name="instList">Initial list of instructions</param>
            <param name="instructions">List of instructions to insert</param>
            <param name="index">List of indices at which to insert</param>
            <returns></returns>
        </member>
        <member name="T:Dynamo_TORO.Write">
            <summary>
            Write program to file.
            </summary>
        </member>
        <member name="M:Dynamo_TORO.Write.createRapid0(System.String,System.Collections.Generic.List{System.String},System.Collections.Generic.List{System.String},System.Collections.Generic.List{System.String},System.Collections.Generic.List{System.String})">
            <summary>
            Merge and write data to a destination.
            </summary>
            <param name="filePath">"C:\...\myPath.prg"</param>
            <param name="cnstList">List of constants</param>
            <param name="instList">List of instructions</param>
            <param name="toolList">List of tooldata</param>
            <param name="wobjList">List of work-object data</param>
            <returns></returns>
        </member>
        <member name="M:Dynamo_TORO.Write.createRapid1(System.String,System.Collections.Generic.List{System.String},System.Collections.Generic.List{System.String})">
            <summary>
            Merge and write data to a destination.
            </summary>
            <param name="filePath">"C:\...\myPath.prg"</param>
            <param name="cnstList">List of constants</param>
            <param name="instList">List of instructions</param>
            <returns></returns>
        </member>
        <member name="T:Dynamo_TORO.Utilities">
            <summary>
            Create  utility.
            </summary>
        </member>
        <member name="M:Dynamo_TORO.Utilities.QuatListAtPlane(Autodesk.DesignScript.Geometry.Plane)">
            <summary>
            Get list of quaternions from a plane.
            </summary>
            <param name="plane">The plane</param>
            <returns></returns>
        </member>
        <member name="M:Dynamo_TORO.Utilities.InsertAtIndex(System.Collections.Generic.List{System.Object},System.Collections.Generic.List{System.Object},System.Collections.Generic.List{System.Int32})">
            <summary>
            Insert an item into a list at specified index.
            </summary>
            <param name="list">Initial list</param>
            <param name="item">Item to insert</param>
            <param name="index">Index at which to insert</param>
            <returns></returns>
        </member>
        <member name="M:Dynamo_TORO.Utilities.InsertGroupAtIndex(System.Collections.Generic.List{System.Object},System.Collections.Generic.List{System.Object},System.Collections.Generic.List{System.Int32})">
            <summary>
            Insert a group of items into a list at specified index.
            </summary>
            <param name="list">Initial list</param>
            <param name="group">Group of items to insert</param>
            <param name="index">Index at which to insert</param>
            <returns></returns>
        </member>
        <member name="M:Dynamo_TORO.Utilities.CombineListsByIndices(System.Collections.Generic.List{System.Object},System.Collections.Generic.List{System.Object},System.Collections.Generic.List{System.Int32},System.Collections.Generic.List{System.Int32})">
            <summary>
            Combine two lists by items and indices.
            </summary>
            <param name="listA"></param>
            <param name="listB"></param>
            <param name="indexA"></param>
            <param name="indexB"></param>
            <returns></returns>
        </member>
        <member name="M:Dynamo_TORO.Utilities.ZeroPadLeft(System.Double,System.Int32)">
            <summary>
            Until specified length, zero-pad a value at left.
            </summary>
            <param name="val">Initial value</param>
            <param name="numDigits">Total number of digits</param>
            <returns></returns>
        </member>
        <member name="M:Dynamo_TORO.Utilities.ZeroPadRight(System.Double,System.Int32)">
            <summary>
            Until specified length, zero-pad a value at right.
            </summary>
            <param name="val">Initial value</param>
            <param name="numDigits">Total number of digits</param>
            <returns></returns>
        </member>
        <member name="M:Dynamo_TORO.Utilities.DataToFile(System.String,System.Collections.Generic.List{System.String})">
            <summary>
            Create file at destination from data in Dynamo.
            </summary>
            <param name="filePath">Write to destination</param>
            <param name="robData">Data to write</param>
            <returns></returns>
        </member>
        <member name="M:Dynamo_TORO.Utilities.FileToData(System.String)">
            <summary>
            Read data in Dynamo from file at destination.
            </summary>
            <param name="filePath">Read from destination</param>
            <returns></returns>
        </member>
        <member name="M:Dynamo_TORO.Utilities.sortPointsByZ(System.Collections.Generic.List{Autodesk.DesignScript.Geometry.Point})">
            <summary>
            Sort points by Z value.
            </summary>
            <param name="points">Point list</param>
            <returns></returns>
        </member>
        <member name="M:Dynamo_TORO.Utilities.sortPlanesByZ(System.Collections.Generic.List{Autodesk.DesignScript.Geometry.Plane})">
            <summary>
            Sort planes by Z value.
            </summary>
            <param name="planes">Plane list</param>
            <returns></returns>
        </member>
        <member name="T:Dynamo_TORO.RobComm">
            <summary>
            Communicate with robot controller.
            </summary>
        </member>
        <member name="M:Dynamo_TORO.RobComm.findControllers(System.Boolean)">
            <summary>
            Scans network for controllers and returns SystemName, SystemID, Version, and IPAddress.
            </summary>
            <param name="run">True to run</param>
            <returns></returns>
        </member>
        <member name="M:Dynamo_TORO.RobComm.sendProgramToController(System.Boolean,System.String[],System.String)">
            <summary>
            Send a .PRG file to controller.
            </summary>
            <param name="run">True to run</param>
            <param name="controllerData">Controller data</param>
            <param name="filePath">File to send</param>
        </member>
        <member name="M:Dynamo_TORO.RobComm.getCurrentPosition(System.Boolean,System.String[])">
            <summary>
            Read RobTarget and JointTarget from current position.
            </summary>
            <param name="run">True to run</param>
            <param name="controllerData">Controller data</param>
            <returns></returns>
        </member>
        <member name="M:Dynamo_TORO.RobComm.getTargetData(System.Boolean,System.String[])">
            <summary>
            Read RobTargets and JointTargets for MainModule on controller.
            </summary>
            <param name="run">True to run</param>
            <param name="controllerData">Controller data</param>
            <returns></returns>
        </member>
        <member name="M:Dynamo_TORO.RobComm.getProgramData(System.Boolean,System.String[],System.String)">
            <summary>
            Read tooldata and wobjdata for MainModule on controller.
            </summary>
            <param name="run">True to run</param>
            <param name="controllerData">Controller data</param>
            <param name="moduleName">Module name: MainModule | BASE | user (case sensitive)</param>
            <returns></returns>
        </member>
        <member name="M:Dynamo_TORO.RobComm.setProgramPointer(System.Boolean,System.String[],System.Int32)">
            <summary>
            Set current program pointer on controller.
            </summary>
            <param name="run">True to run</param>
            <param name="controllerData">Controller data</param>
            <param name="value"></param>
        </member>
        <member name="M:Dynamo_TORO.RobComm.getExecutionStatus(System.Boolean,System.String[])">
            <summary>
            Return row of motion pointer [0] and program pointer [1].
            </summary>
            <param name="run">True to run.</param>
            <param name="controllerData">Controller data</param>
            <returns></returns>
        </member>
    </members>
</doc>
